id,nombre,apellido,email,dni
1,Allison,McArdle,amcardle0@mapquest.com,39381913
2,Murry,Epperson,mepperson1@cbc.ca,19095550
3,Julianna,Slidders,jslidders2@npr.org,49606807
4,Sigfried,Bratty,sbratty3@wunderground.com,17809484
5,Sergio,Monteath,smonteath4@prlog.org,27719215
6,Terza,Buckle,tbuckle5@blogger.com,40951198
7,Odele,Berrecloth,oberrecloth6@amazon.com,16566045
8,Evita,Langhorne,elanghorne7@spotify.com,49961630
9,Kerby,Dunthorn,kdunthorn8@typepad.com,29514094
10,Aubrette,McKune,amckune9@earthlink.net,38944521
11,Kev,Huckerbe,khuckerbea@mozilla.org,35296563
12,Cecile,Le Cornu,clecornub@sphinn.com,27101829
13,Dahlia,Bagnall,dbagnallc@reverbnation.com,15632055
14,Perle,Cordeix,pcordeixd@163.com,25931099
15,Martha,Cornau,mcornaue@census.gov,57895413
16,Diego,McKimmey,dmckimmeyf@webnode.com,4823308
17,Trix,Skelhorn,tskelhorng@i2i.jp,27816638
18,Brandtr,Halt,bhalth@google.fr,50343655
19,Shayne,Wooler,swooleri@typepad.com,8717095
20,Goldarina,Doncaster,gdoncasterj@sina.com.cn,4751824
21,Marlie,Crudgington,mcrudgingtonk@umich.edu,46524463
22,Caroljean,Eckersall,ceckersalll@ca.gov,28170013
23,Lonny,Hastler,lhastlerm@netvibes.com,59790493
24,Collen,Axleby,caxlebyn@npr.org,47620953
25,Isidoro,Goodboddy,igoodboddyo@dyndns.org,53457629
26,Adelind,Lorking,alorkingp@newyorker.com,9463139
27,Sharla,Ierland,sierlandq@army.mil,21430479
28,Dahlia,Mance,dmancer@netvibes.com,49458131
29,Gerrilee,Ludford,gludfords@bigcartel.com,27033450
30,Berkly,Turl,bturlt@yale.edu,18720830
31,Averill,Probets,aprobetsu@cnbc.com,12425515
32,Joe,Culbert,jculbertv@hibu.com,44977731
33,Stavros,Spatig,sspatigw@domainmarket.com,44769927
34,Xymenes,Gutridge,xgutridgex@spiegel.de,19111159
35,De witt,Moreman,dmoremany@bizjournals.com,14467647
36,Evita,Brok,ebrokz@gnu.org,59525062
37,Karina,Corner,kcorner10@globo.com,9480017
38,Ronnie,Hemeret,rhemeret11@soup.io,52735052
39,Ursa,Kment,ukment12@columbia.edu,38717389
40,Welby,Spenley,wspenley13@goo.gl,10782259
41,Agnese,Fitzhenry,afitzhenry14@etsy.com,2769427
42,Alberta,Silcocks,asilcocks15@rakuten.co.jp,45905113
43,Dominick,Strand,dstrand16@so-net.ne.jp,8163800
44,Leontine,Regglar,lregglar17@fotki.com,28150209
45,Sari,Crommett,scrommett18@joomla.org,38581508
46,Corbet,Sannes,csannes19@cmu.edu,30566137
47,Michelina,Knewstub,mknewstub1a@time.com,27182305
48,Lenora,Kollaschek,lkollaschek1b@narod.ru,3875940
49,Keefer,Garlee,kgarlee1c@altervista.org,5309127
50,Jena,Gatherell,jgatherell1d@blogger.com,44242344
